City_ID,City,Lat,Lng,Max Temp,Humidity,Cloudiness,Wind Speed,Country,Date
0,peno,56.9262,32.7426,-2.3,91,100,4.84,RU,1698361996
1,east london,-33.0153,27.9116,20.41,89,77,0.7,ZA,1698362004
2,thompson,55.7435,-97.8558,-1.91,46,100,5.66,CA,1698362006
3,badger,64.8,-147.5333,2.62,81,40,0.0,US,1698362007
4,guerrero negro,27.9769,-114.0611,20.61,63,2,7.66,MX,1698362007
5,grytviken,-54.2811,-36.5092,1.43,97,100,5.16,GS,1698362007
6,edinburgh of the seven seas,-37.0676,-12.3116,12.4,64,100,6.22,SH,1698362007
7,dengzhou,37.8086,120.7508,13.47,51,0,1.67,CN,1698362007
8,mont-joli,48.5839,-68.1921,8.17,88,88,0.89,CA,1698362009
9,utrik,11.2278,169.8474,27.91,79,60,5.2,MH,1698362009
10,wenling,28.3669,121.36,19.89,90,100,2.44,CN,1698361828
11,ribeira grande,38.5167,-28.7,18.75,62,66,5.74,PT,1698362009
12,port macquarie,-31.4333,152.9167,15.5,68,100,8.14,AU,1698361981
13,puerto ayora,-0.7393,-90.3518,24.19,89,31,3.13,EC,1698362010
14,kodiak,57.79,-152.4072,7.73,66,100,5.14,US,1698362010
15,yellowknife,62.456,-114.3525,-1.44,80,70,4.02,CA,1698361969
16,magadan,59.5667,150.8,-4.68,76,76,2.63,RU,1698361865
17,iqaluit,63.7506,-68.5145,-5.28,84,99,3.03,CA,1698362011
18,holualoa,19.6228,-155.9522,27.7,71,20,4.63,US,1698362012
19,waitangi,-43.9535,-176.5597,14.9,87,98,5.81,NZ,1698362012
20,fort st. john,56.2499,-120.8529,-1.64,64,100,1.45,CA,1698362012
21,belmonte,-15.8631,-38.8828,25.93,83,73,6.73,BR,1698362012
22,tambacounda,13.7539,-13.7586,28.95,44,45,2.87,SN,1698362013
23,tonota,-21.4833,27.4833,21.78,56,0,4.98,BW,1698362013
24,mzimba,-11.9,33.6,20.65,59,47,3.04,MW,1698362013
25,port alberni,49.2413,-124.8028,10.49,69,0,2.24,CA,1698362014
26,port-aux-francais,-49.35,70.2167,2.13,80,99,8.43,TF,1698362014
27,aykhal,66.0,111.5,-16.01,100,83,0.84,RU,1698362014
28,tiassale,5.8983,-4.8283,23.54,99,92,1.33,CI,1698362015
29,bilibino,68.0546,166.4372,-18.05,99,90,1.31,RU,1698362015
30,vorgashor,67.5833,63.95,-9.62,94,100,3.81,RU,1698362015
31,tiksi,71.6872,128.8694,-15.19,98,99,2.55,RU,1698362016
32,west island,-12.1568,96.8225,25.99,78,75,9.77,CC,1698362016
33,ilulissat,69.2167,-51.1,-0.99,59,39,7.72,GL,1698362017
34,madalena,41.2162,-8.3345,15.26,95,6,2.33,PT,1698362017
35,nantucket,41.2835,-70.0995,17.23,97,0,3.09,US,1698362018
36,flying fish cove,-10.4217,105.6791,24.82,83,75,4.63,CX,1698362018
37,bethel,41.3712,-73.414,20.93,68,57,0.45,US,1698362018
38,paracuru,-3.41,-39.0306,26.73,78,12,5.76,BR,1698362019
39,blackmans bay,-43.0167,147.3167,10.96,62,61,0.45,AU,1698362019
40,kapa'a,22.0752,-159.319,28.99,65,0,4.12,US,1698362019
41,kingsford,-33.924,151.2275,16.06,82,75,8.75,AU,1698362019
42,"laikit, laikit ii (dimembe)",1.4792,124.9735,25.47,74,20,3.09,ID,1698362020
43,chernyshevsk,52.5243,117.0174,-4.3,69,8,0.19,RU,1698362020
44,crane,31.3974,-102.3501,28.55,26,0,2.34,US,1698362020
45,saint-philippe,-21.3585,55.7679,22.77,84,8,2.64,RE,1698362020
46,sitka,57.0531,-135.33,9.94,50,0,0.0,US,1698362021
47,papatowai,-46.5619,169.4708,4.56,69,84,9.44,NZ,1698361974
48,puerto natales,-51.7236,-72.4875,5.03,73,100,1.42,CL,1698362021
49,wagini,12.6878,7.1958,25.64,18,91,2.16,NG,1698362021
50,igrim,63.1906,64.4162,-6.28,69,99,1.79,RU,1698362022
51,invercargill,-46.4,168.35,4.45,77,96,11.62,NZ,1698361731
52,hawaiian paradise park,19.5933,-154.9731,27.73,83,100,2.06,US,1698361936
53,bredasdorp,-34.5322,20.0403,14.33,74,66,3.04,ZA,1698361847
54,arad,46.3333,21.75,16.08,77,100,3.16,RO,1698362023
55,iskateley,67.6803,53.1512,-11.66,100,72,1.79,RU,1698362023
56,morahalom,46.2181,19.8851,15.42,76,98,4.16,HU,1698362023
57,san patricio,28.017,-97.5169,29.05,81,100,5.1,US,1698362023
58,adamstown,-25.066,-130.1015,22.57,79,76,4.76,PN,1698362023
59,charters towers,-20.1,146.2667,26.23,39,1,7.86,AU,1698362024
60,avarua,-21.2078,-159.775,23.03,60,75,5.14,CK,1698362024
61,farah,32.5,62.5,19.91,27,48,1.56,AF,1698362024
62,saipan,15.1355,145.701,29.39,84,40,4.63,MP,1698362024
63,arraial do cabo,-22.9661,-42.0278,22.92,88,75,2.57,BR,1698362025
64,port elizabeth,-33.918,25.5701,18.16,88,75,9.77,ZA,1698362025
65,masterton,-40.9597,175.6575,12.71,51,23,7.26,NZ,1698362025
66,vilyuysk,63.7553,121.6247,-9.44,90,100,2.68,RU,1698362025
67,franceville,-1.6333,13.5836,21.49,97,97,0.56,GA,1698362025
68,pacific grove,36.6177,-121.9166,19.37,70,0,5.81,US,1698362026
69,polyarnyy,69.1989,33.4478,-3.38,94,100,3.04,RU,1698362026
70,port alfred,-33.5906,26.891,18.43,79,75,4.02,ZA,1698362026
71,tolanaro,-25.0319,46.9987,19.55,74,98,0.82,MG,1698362026
72,amahai,-3.3333,128.9167,26.82,70,61,1.05,ID,1698362026
73,stanley,54.868,-1.6985,9.18,94,75,5.14,GB,1698361919
74,jamestown,42.097,-79.2353,19.84,55,0,4.63,US,1698361782
75,ta`u,-14.2336,-169.5144,26.41,80,100,7.48,AS,1698362027
76,wailua homesteads,22.0669,-159.378,28.24,65,0,4.12,US,1698362027
77,isafjordur,66.0755,-23.124,3.86,90,69,1.8,IS,1698362028
78,waddan,29.1614,16.139,22.29,53,0,1.42,LY,1698362028
79,thale,51.75,11.05,9.49,90,69,1.52,DE,1698362028
80,haiku-pauwela,20.9219,-156.3051,30.01,58,40,4.63,US,1698362029
81,udachny,66.4167,112.4,-19.2,100,91,0.71,RU,1698362029
82,shalkar,47.8288,59.6258,1.07,47,98,2.7,KZ,1698362029
83,el calafate,-50.3408,-72.2768,5.99,54,88,1.14,AR,1698362029
84,atafu village,-8.5421,-172.5159,28.67,77,100,6.2,TK,1698362030
85,poronaysk,49.2167,143.1167,6.58,88,100,4.53,RU,1698362030
86,rabigh,22.7986,39.0349,30.33,55,15,1.44,SA,1698362030
87,taza,34.25,-3.75,18.49,68,46,6.98,MA,1698362030
88,anadyr,64.75,177.4833,0.28,100,75,3.0,RU,1698361942
89,murzuq,25.9155,13.9184,24.21,28,0,2.14,LY,1698362031
90,port mathurin,-19.6833,63.4167,24.34,75,27,5.41,MU,1698362031
91,birganj,27.0104,84.8774,20.24,76,0,1.2,NP,1698362031
92,medenine,33.355,10.5055,22.42,40,75,3.9,TN,1698362031
93,sept-iles,50.2001,-66.3821,8.0,60,75,3.6,CA,1698362031
94,posto fiscal rolim de moura,-13.0833,-62.2667,31.2,50,47,1.76,BR,1698362032
95,ushuaia,-54.8,-68.3,0.76,91,90,0.47,AR,1698362032
96,katsuren-haebaru,26.3369,127.8719,23.01,78,20,2.57,JP,1698362033
97,lagunas,-5.2269,-75.6753,28.74,65,76,2.6,PE,1698362033
98,la sarre,48.8002,-79.1996,3.46,95,100,5.08,CA,1698361855
99,nhamunda,-2.1861,-56.7131,30.88,42,85,1.1,BR,1698362033
100,acarau,-2.8856,-40.12,25.74,78,5,7.18,BR,1698362033
101,susuman,62.7833,148.1667,-20.5,94,79,0.59,RU,1698362034
102,tateyama,34.9833,139.8667,17.28,64,49,2.3,JP,1698362034
103,ngama,11.7833,17.1667,28.39,18,17,3.02,TD,1698362034
104,puerto aysen,-45.4,-72.7,7.43,99,100,2.43,CL,1698362034
105,bathsheba,13.2167,-59.5167,27.77,74,96,3.08,BB,1698362035
106,flin flon,54.7682,-101.865,-2.09,50,100,4.12,CA,1698362035
107,akureyri,65.6835,-18.0878,-4.04,93,0,2.57,IS,1698362035
108,praia,14.9215,-23.5087,27.3,83,75,7.72,CV,1698362035
109,waingapu,-9.6567,120.2641,27.71,64,3,1.5,ID,1698362035
110,krasnozerskoye,53.9828,79.2374,-2.22,62,21,8.46,RU,1698362036
111,fuxin,42.0156,121.6589,6.72,25,21,1.27,CN,1698362036
112,wuchuan,21.4571,110.7659,22.98,86,16,2.91,CN,1698362036
113,khandyga,62.6667,135.6,-8.01,98,100,0.48,RU,1698362036
114,romanovo,52.6182,81.2271,-1.88,61,26,7.13,RU,1698362036
115,tari,12.4086,4.4914,27.37,31,89,1.93,NG,1698362037
116,fallon,39.4735,-118.7774,10.93,35,20,2.57,US,1698361592
117,dudinka,69.4058,86.1778,-12.96,99,60,1.34,RU,1698362037
118,santa rosa,14.3122,121.1114,28.93,86,69,1.82,PH,1698361960
119,faridpur,23.6,89.8333,25.39,73,75,2.79,BD,1698362038
120,al jawf,29.5,38.75,23.34,32,0,6.07,SA,1698362038
121,longyearbyen,78.2186,15.6401,-4.09,93,75,4.12,SJ,1698362038
122,georgetown,5.4112,100.3354,25.57,88,20,1.54,MY,1698362039
123,valle de la pascua,9.2155,-66.0073,25.8,73,97,1.64,VE,1698362039
124,san salvador de jujuy,-24.1946,-65.2971,17.46,82,91,0.98,AR,1698362039
125,trondheim,63.4305,10.3951,-0.95,72,15,2.47,NO,1698362039
126,kingston,17.997,-76.7936,28.45,72,80,1.34,JM,1698361852
127,aripuana,-9.1667,-60.6333,24.44,90,96,2.81,BR,1698361931
128,miri,4.4148,114.0089,24.33,91,97,1.82,MY,1698362040
129,punta arenas,-53.15,-70.9167,5.06,60,99,3.95,CL,1698362040
130,salmon arm,50.6998,-119.3024,5.73,45,92,0.51,CA,1698362040
131,peace river,56.2501,-117.286,-0.73,67,84,2.17,CA,1698361866
132,zindah jan,34.3426,61.7468,17.32,40,77,0.59,AF,1698362040
133,puerto quijarro,-17.7833,-57.7667,30.62,49,47,1.37,BO,1698361878
134,margaret river,-33.95,115.0667,13.94,49,88,5.05,AU,1698362041
135,new norfolk,-42.7826,147.0587,11.62,52,39,1.06,AU,1698362041
136,luwuk,-0.9516,122.7875,27.14,60,5,2.02,ID,1698362041
137,rudbar,30.15,62.6,24.18,26,100,0.72,AF,1698362042
138,kiunga,-6.1219,141.2906,27.15,65,90,0.19,PG,1698362042
139,vadso,70.0744,29.7487,-1.91,86,100,2.57,NO,1698362042
140,laguna,38.421,-121.4238,21.73,35,0,3.09,US,1698362042
141,pagadian,7.8257,123.437,25.82,86,81,1.05,PH,1698362043
142,constantia,44.1833,28.65,15.39,71,58,4.4,RO,1698362043
143,kavaratti,10.5669,72.642,28.31,70,20,2.08,IN,1698362043
144,santa barbara,34.7333,-120.0343,19.44,55,0,7.2,US,1698362015
145,chonchi,-42.6128,-73.8092,10.62,75,91,2.42,CL,1698362044
146,necochea,-38.5473,-58.7368,17.57,54,48,3.82,AR,1698362044
147,souillac,-20.5167,57.5167,23.21,88,20,0.0,MU,1698362044
148,cottage grove,44.8277,-92.9438,16.46,97,100,4.12,US,1698362045
149,whitehorse,60.7161,-135.0538,-2.77,75,26,1.79,CA,1698361979
150,linqiong,30.4159,103.4609,15.91,77,100,0.76,CN,1698362045
151,durango,24.8333,-104.8333,25.47,11,0,1.81,MX,1698361971
152,albany,42.6001,-73.9662,19.08,71,89,0.58,US,1698361787
153,argo,37.6333,22.7333,19.17,76,12,1.51,GR,1698362046
154,feijo,-8.1642,-70.3536,28.85,59,13,1.42,BR,1698362046
155,college,64.8569,-147.8028,2.67,77,75,0.0,US,1698361880
156,barah,13.7,30.3667,30.21,34,100,3.09,SD,1698362047
157,tocopilla,-22.092,-70.1979,17.34,73,38,2.2,CL,1698362047
158,kayyerkan,69.3786,87.7439,-14.34,96,56,1.84,RU,1698362047
159,okahao,-17.885,15.0667,23.57,30,74,2.36,NA,1698362047
160,la gi,10.6667,107.7833,25.36,86,100,1.27,VN,1698362048
161,mount pleasant,32.7941,-79.8626,23.33,81,40,3.6,US,1698362048
162,north bend,43.4065,-124.2243,13.48,62,75,2.57,US,1698362020
163,lang suan,9.9456,99.0785,24.99,89,72,0.78,TH,1698362048
164,niebull,54.7866,8.8285,8.03,90,93,5.59,DE,1698362048
165,albu kamal,34.45,40.9186,23.09,47,75,3.83,SY,1698362049
166,lubuklinggau,-3.3,102.8667,22.35,87,22,0.76,ID,1698362049
167,saint-pierre,-21.3393,55.4781,22.82,83,0,2.57,RE,1698362049
168,tura,25.5198,90.2201,19.11,90,0,1.16,IN,1698362050
169,port lincoln,-34.7333,135.8667,15.52,60,72,7.17,AU,1698362050
170,kirakira,-10.4544,161.9205,29.75,67,86,2.63,SB,1698362050
171,remire-montjoly,4.9167,-52.2667,28.02,83,0,3.6,GF,1698362050
172,talakan,50.3167,130.3667,-1.65,55,7,1.75,RU,1698362051
173,uturoa,-16.7333,-151.4333,24.99,85,100,4.4,PF,1698362051
174,la junta,37.985,-103.5438,27.26,17,19,3.2,US,1698362051
175,codrington,-38.2667,141.9667,13.31,56,14,3.86,AU,1698362051
176,sao gotardo,-19.3111,-46.0489,21.25,82,98,0.8,BR,1698361968
177,vilyuchinsk,52.9306,158.4028,4.15,67,3,2.12,RU,1698362052
178,newcastle west,52.4492,-9.0611,8.58,96,42,1.95,IE,1698362052
179,tazovsky,67.4667,78.7,-13.03,94,85,5.55,RU,1698362052
180,malanje,-9.5402,16.341,18.6,91,98,1.38,AO,1698362052
181,boende,-0.2167,20.8667,19.47,99,99,1.09,CD,1698362053
182,siwa oasis,29.2041,25.5195,23.3,42,78,0.83,EG,1698362053
183,langepas,61.2544,75.2124,-5.41,88,100,6.73,RU,1698362053
184,hamilton,39.1834,-84.5333,23.02,66,89,0.45,US,1698361228
185,suva,-18.1416,178.4415,26.71,74,75,7.2,FJ,1698362054
186,gracemere,-23.4333,150.45,22.95,16,0,7.2,AU,1698362054
187,ingeniero guillermo n. juarez,-23.9,-61.85,20.95,83,100,2.12,AR,1698362054
188,horta,38.5333,-28.6333,18.12,64,68,5.71,PT,1698362054
189,lulea,65.5842,22.1547,-0.96,100,100,1.03,SE,1698361827
190,kerikeri,-35.2268,173.9474,16.06,90,91,0.89,NZ,1698362055
191,lihue,21.9789,-159.3672,28.58,65,0,4.12,US,1698361782
192,wewak,-3.5534,143.6268,25.58,84,100,1.47,PG,1698362056
193,happy valley-goose bay,53.3168,-60.3315,1.17,75,20,4.12,CA,1698362056
194,sorong,-0.8833,131.25,27.41,75,76,5.43,ID,1698362056
195,cole harbour,44.6724,-63.4751,13.71,92,75,1.03,CA,1698362056
196,st. john's,47.5649,-52.7093,9.88,91,100,3.09,CA,1698362057
197,vila velha,-20.3297,-40.2925,25.97,89,75,3.6,BR,1698362057
198,velikiye luki,56.34,30.5452,-1.44,96,100,4.62,RU,1698362057
199,ust-nera,64.5667,143.2,-21.03,92,90,1.42,RU,1698362057
200,afaahiti,-17.75,-149.2833,25.93,87,100,2.32,PF,1698362057
201,ballina,-28.8667,153.5667,15.99,87,99,10.47,AU,1698362058
202,yeppoon,-23.1333,150.7333,22.88,22,13,5.01,AU,1698362058
203,pemangkat,1.1667,108.9667,25.27,89,96,2.51,ID,1698362058
204,al muwayh,22.4333,41.7583,22.95,45,20,6.71,SA,1698362059
205,plastun,44.7561,136.2939,4.75,58,6,3.11,RU,1698362059
206,petropavlovsk-kamchatsky,53.0452,158.6483,3.33,60,0,3.0,RU,1698362059
207,lebu,-37.6167,-73.65,11.4,88,2,4.27,CL,1698362059
208,bodaybo,57.8506,114.1933,-0.45,94,99,1.38,RU,1698362060
209,ulsteinvik,62.3432,5.8487,4.86,80,68,1.34,NO,1698362060
210,mabaruma,8.2,-59.7833,26.03,86,100,2.41,GY,1698362060
211,goundam,16.4145,-3.6708,31.01,9,95,3.44,ML,1698362060
212,queenstown,-31.8976,26.8753,18.58,39,67,0.98,ZA,1698362061
213,bonthe,7.5264,-12.505,26.21,87,74,1.97,SL,1698362061
214,yigo village,13.5361,144.8886,29.62,82,75,2.57,GU,1698362061
215,arteche,12.2645,125.4048,27.12,76,93,1.07,PH,1698362061
216,tommot,58.9564,126.2925,-19.03,97,58,1.25,RU,1698362061
217,phan rang-thap cham,11.5667,108.9833,24.15,90,18,1.9,VN,1698362062
218,vernal,40.4555,-109.5287,8.84,24,0,7.2,US,1698362062
219,salinopolis,-0.6136,-47.3561,27.59,70,35,5.3,BR,1698361829
220,karratha,-20.7377,116.8463,32.54,19,18,9.35,AU,1698362062
221,slave lake,55.2834,-114.769,-3.01,86,100,4.63,CA,1698361814
222,as sulayyil,20.4607,45.5779,23.14,59,100,3.99,SA,1698362063
223,tsiombe,-25.3,45.4833,18.45,72,88,1.92,MG,1698362063
224,muskegon,43.3,-86.1334,18.47,92,100,7.72,US,1698362063
225,jiangyou,31.7667,104.7167,15.49,81,100,0.54,CN,1698362063
226,barrouallie,13.2333,-61.2667,25.79,83,20,1.54,VC,1698362064
227,luderitz,-26.6481,15.1594,15.86,82,6,6.94,NA,1698362064
228,kumi,36.1136,128.336,14.75,73,3,3.12,KR,1698362064
229,howrah,22.5892,88.3103,25.0,83,20,2.06,IN,1698362065
230,greymouth,-42.4667,171.2,9.35,60,91,11.59,NZ,1698362065
231,hilo,19.7297,-155.09,27.85,78,100,3.13,US,1698362065
232,margate,51.3813,1.3862,10.94,93,100,4.28,GB,1698362065
233,cacheu,12.2706,-16.1658,26.6,83,68,2.79,GW,1698362065
234,kapuskasing,49.4169,-82.4331,1.05,93,100,6.17,CA,1698362066
235,baker city,44.7749,-117.8344,3.84,70,100,2.57,US,1698362053
236,northam,51.0333,-4.2167,12.03,97,88,4.05,GB,1698362066
237,luena,-11.7833,19.9167,19.55,66,83,1.98,AO,1698362067
238,colares,38.7992,-9.4469,18.27,82,100,5.81,PT,1698362067
239,nyandoma,61.669,40.1991,-5.26,93,50,1.45,RU,1698362067
240,vilhena,-12.7406,-60.1458,24.34,69,77,1.62,BR,1698361863
241,tual,-5.6667,132.75,26.37,76,100,5.78,ID,1698362068
242,coahuayana de hidalgo,18.7,-103.6583,26.83,83,94,2.6,MX,1698362068
243,hami,42.8,93.45,12.36,30,16,1.04,CN,1698362068
244,baotou,40.6522,109.8222,8.55,34,0,0.94,CN,1698362068
245,karaton,-6.3424,106.1045,23.86,90,95,0.69,ID,1698362069
246,nuku'alofa,-21.1333,-175.2,25.19,65,20,9.26,TO,1698362069
247,rajaori,33.3833,74.3,15.94,42,0,2.37,IN,1698362069
248,aasiaat,68.7098,-52.8699,-7.72,87,79,4.06,GL,1698362069
249,rongelap,11.1635,166.8941,27.76,71,74,5.02,MH,1698362069
250,olonkinbyen,70.9221,-8.7187,-0.26,74,73,1.48,SJ,1698362070
251,hermanus,-34.4187,19.2345,16.11,73,71,4.32,ZA,1698362070
252,xilin hot,43.9667,116.0333,4.13,35,12,2.98,CN,1698362070
253,yangambi,0.8102,24.4336,19.88,99,99,1.22,CD,1698362070
254,gadzhiyevo,69.2551,33.3362,-3.74,94,100,2.99,RU,1698362071
255,alaghsas,17.0187,8.0168,26.86,13,53,4.21,NE,1698362071
256,naantali,60.4674,22.0243,1.59,80,100,2.57,FI,1698362071
257,santa elena de uairen,4.6167,-61.1333,21.38,86,62,1.11,VE,1698362071
258,singaraja,-8.112,115.0882,27.14,68,57,1.14,ID,1698362072
259,quellon,-43.1167,-73.6167,10.63,72,100,4.53,CL,1698362072
260,namie,37.4833,141.0,15.75,65,25,0.97,JP,1698362072
261,caleta de carquin,-11.0925,-77.6267,20.02,79,61,4.55,PE,1698362072
262,ormond-by-the-sea,29.3491,-81.0665,25.05,81,0,3.09,US,1698362073
263,mariental,-24.6333,17.9667,25.0,19,48,6.41,NA,1698362073
264,maralal,1.0968,36.698,16.17,77,87,2.88,KE,1698362073
265,acapulco de juarez,16.8634,-99.8901,28.14,79,88,3.41,MX,1698362073
266,salalah,17.0151,54.0924,26.05,89,20,2.06,OM,1698362074
267,touros,-5.1989,-35.4608,27.35,66,77,5.69,BR,1698362028
268,dubna,56.7333,37.1667,0.69,52,100,4.4,RU,1698362075
269,geraldton,-28.7667,114.6,15.23,82,91,5.66,AU,1698362075
270,menongue,-14.6585,17.691,18.45,85,100,2.34,AO,1698362075
271,rabo de peixe,37.8,-25.5833,16.66,99,98,1.79,PT,1698362075
272,keflavik,64.0049,-22.5624,4.95,100,0,1.54,IS,1698362075
273,akashi,34.6333,134.9833,19.02,69,0,2.17,JP,1698362076
274,alofi,-19.0595,-169.9187,24.94,69,75,8.23,NU,1698362076
275,hadibu,12.65,54.0333,26.5,83,54,3.8,YE,1698362076
276,aras-asan,8.8908,126.3033,26.09,84,100,1.45,PH,1698362076
277,kachug,53.9606,105.8817,2.25,70,100,1.34,RU,1698362077
278,pudozh,61.8099,36.5345,-3.36,80,23,1.79,RU,1698362077
279,broken hill,-31.95,141.4333,14.14,40,0,6.17,AU,1698362048
280,wau,7.7029,27.9953,22.37,95,100,2.06,SS,1698362077
281,pemba,-12.974,40.5178,26.39,83,40,2.57,MZ,1698362078
282,thinadhoo,0.5333,72.9333,27.51,78,76,7.34,MV,1698362078
283,nar'yan-mar,67.6713,53.087,-11.61,100,74,1.79,RU,1698362078
284,bandarbeyla,9.4942,50.8122,26.53,82,78,5.18,SO,1698362078
285,at-bashi,41.1702,75.8106,3.7,83,78,0.21,KG,1698362078
286,chibougamau,49.9168,-74.3659,1.79,93,100,2.06,CA,1698362079
287,lienen,52.15,7.9833,9.18,97,70,2.03,DE,1698362079
288,sinop,41.7711,34.8709,17.33,47,100,2.16,TR,1698362079
289,neustrelitz,53.3667,13.0833,8.28,93,84,1.71,DE,1698362079
290,santa cruz,-17.8,-63.1667,25.7,73,75,3.6,BO,1698361979
291,maubin,16.7333,95.65,24.35,90,100,1.04,MM,1698362080
292,lagdo,9.05,13.7333,25.4,44,93,1.03,CM,1698362080
293,cullowhee,35.3137,-83.1765,18.82,77,0,3.6,US,1698362081
294,eastham,41.8301,-69.9739,17.75,74,0,1.54,US,1698362081
295,cabedelo,-6.9811,-34.8339,25.37,81,18,3.89,BR,1698362081
296,constitucion,-35.3333,-72.4167,12.34,82,4,4.89,CL,1698362081
297,guatrache,-37.6678,-63.5302,14.94,79,81,4.94,AR,1698362081
298,douala,4.0483,9.7043,23.88,91,98,0.29,CM,1698362082
299,isiro,2.7739,27.616,19.69,99,92,0.85,CD,1698362082
300,perry,37.2506,-83.1999,24.1,73,74,1.36,US,1698361856
301,champerico,14.3,-91.9167,25.3,81,100,5.02,GT,1698362082
302,cockburn town,21.4612,-71.1419,27.57,71,1,10.12,TC,1698362082
303,fengcheng,40.4536,124.0717,4.64,40,0,2.27,CN,1698362083
304,barika,35.389,5.3658,19.43,39,62,0.95,DZ,1698362083
305,pisco,-13.7,-76.2167,20.03,83,100,1.54,PE,1698362083
306,hithadhoo,-0.6,73.0833,27.39,78,38,7.68,MV,1698362083
307,kristiansund,63.1115,7.732,1.36,75,58,1.54,NO,1698362083
308,kyaikkami,16.08,97.5675,25.99,88,100,3.13,MM,1698362084
309,pasuquin,18.3328,120.6177,25.97,89,40,2.06,PH,1698362084
310,mejit,10.2753,170.8646,28.25,75,14,5.08,MH,1698362084
311,porangatu,-13.4408,-49.1486,23.18,85,99,1.67,BR,1698362084
312,deqing,30.5448,119.9599,17.75,77,63,0.64,CN,1698362085
313,betio village,1.358,172.9211,28.02,76,61,3.68,KI,1698362085
314,kidal,18.4411,1.4078,28.1,12,55,3.56,ML,1698362085
315,ancud,-41.8697,-73.8203,10.35,88,100,4.85,CL,1698362085
316,jayapura,-2.5333,140.7,29.66,89,99,2.36,ID,1698362085
317,mercedes,-34.6515,-59.4307,19.36,48,25,3.56,AR,1698361809
318,arvayheer,46.2639,102.775,2.45,28,44,3.29,MN,1698362086
319,ca mau,9.1769,105.15,24.43,93,83,1.11,VN,1698362086
320,arno,60.1167,18.6333,3.21,79,100,4.73,SE,1698362086
321,taltal,-25.4,-70.4833,15.8,75,19,1.48,CL,1698362086
322,yakutsk,62.0339,129.7331,-13.02,92,100,0.0,RU,1698362087
323,terrace,54.5163,-128.6035,9.01,31,20,4.12,CA,1698362087
324,pozanti,37.4278,34.8717,17.34,50,100,0.29,TR,1698362087
325,inverell,-29.7833,151.1167,17.28,57,87,4.02,AU,1698362087
326,weno,7.4515,151.8468,30.97,79,75,3.09,FM,1698362087
327,mount gambier,-37.8333,140.7667,12.4,57,9,3.22,AU,1698362088
328,dalbandin,28.8947,64.4101,24.3,28,97,2.83,PK,1698362088
329,irkutsk,52.2978,104.2964,5.72,87,0,5.0,RU,1698362088
330,usogorsk,63.4106,48.6872,-3.52,83,100,2.69,RU,1698362088
331,palmer,42.1584,-72.3287,20.51,73,75,0.0,US,1698362089
332,talnakh,69.4865,88.3972,-16.85,93,35,0.94,RU,1698362089
333,lompoc,34.6391,-120.4579,23.21,69,20,10.73,US,1698361837
334,otjimbingwe,-22.35,16.1333,21.44,43,26,1.84,NA,1698362089
335,timmins,48.4669,-81.3331,3.9,93,100,5.66,CA,1698362089
336,bweyogerere,0.3558,32.6672,18.5,96,65,0.61,UG,1698362090
337,ad dabbah,18.05,30.95,29.84,19,47,5.79,SD,1698362090
338,lycksele,64.5954,18.6735,-5.07,93,75,0.0,SE,1698362090
339,maricopa,33.0581,-112.0476,29.12,33,0,3.09,US,1698362090
340,nacozari de garcia,30.3742,-109.6908,23.71,26,0,3.72,MX,1698362090
341,juneau,58.3019,-134.4197,7.0,81,20,2.57,US,1698362091
342,kyakhta,50.3508,106.4494,0.75,58,93,1.33,RU,1698362091
343,kalmunai,7.4167,81.8167,24.91,85,75,1.62,LK,1698362091
344,lorengau,-2.0226,147.2712,27.55,80,78,2.04,PG,1698362091
345,kavieng,-2.5744,150.7967,27.74,76,100,0.54,PG,1698362091
346,tidjikja,18.5564,-11.4271,29.52,20,12,4.89,MR,1698362092
347,ciudad lazaro cardenas,17.9583,-102.2,27.72,83,98,4.15,MX,1698361862
348,smithers,54.7804,-127.1743,3.18,41,0,1.03,CA,1698362092
349,port sudan,19.6175,37.2164,29.25,72,77,2.11,SD,1698362092
350,es castell,39.8795,4.2854,22.38,83,0,8.75,ES,1698362092
351,bam,29.106,58.357,22.5,37,100,4.61,IR,1698362093
352,grand-bassam,5.2118,-3.7388,25.98,91,88,2.76,CI,1698362093
353,solnechnyy,50.7214,136.6319,0.57,74,4,0.78,RU,1698362093
354,kone,-21.0595,164.8658,25.89,75,98,2.68,NC,1698362093
355,amarante do maranhao,-5.5667,-46.7422,29.79,41,30,2.36,BR,1698362094
356,timbuktu,16.7735,-3.0074,30.54,9,74,3.61,ML,1698362094
357,naracoorte,-36.9579,140.7383,13.28,48,3,3.8,AU,1698362094
358,sibolga,1.7427,98.7792,24.03,95,100,0.74,ID,1698362094
359,makary,12.5717,14.4666,27.39,41,7,4.37,CM,1698362094
360,tyukhtet,56.5389,89.3011,0.76,81,96,9.16,RU,1698362095
361,alice springs,-23.7,133.8833,16.75,16,0,7.2,AU,1698361825
362,hastings,50.8552,0.5729,12.51,51,100,3.94,GB,1698361970
363,cabo san lucas,22.8909,-109.9124,27.61,53,0,5.14,MX,1698362030
364,lae,-6.7221,146.9847,28.51,65,91,0.64,PG,1698362095
365,skeldon,5.8833,-57.1333,26.98,82,99,3.7,GY,1698362096
366,ceeldheer,3.8488,47.1806,27.28,79,41,4.9,SO,1698362096
367,plouzane,48.3833,-4.6167,14.03,82,75,6.69,FR,1698362096
368,banff,51.1762,-115.5698,-5.09,66,100,1.59,CA,1698362009
369,san jose,37.3394,-121.895,21.49,40,40,5.66,US,1698361847
370,vorkuta,67.5,64.0,-9.62,95,100,3.35,RU,1698362096
371,rosetta,31.4044,30.4164,24.04,78,100,3.3,EG,1698362097
372,fortuna,40.5982,-124.1573,15.52,58,0,4.12,US,1698362097
373,labrador city,52.9463,-66.9114,-1.05,59,100,3.09,CA,1698362097
374,mount pearl,47.5166,-52.7813,9.42,91,100,3.09,CA,1698362097
375,conceicao da barra,-18.5933,-39.7322,24.73,90,83,1.74,BR,1698362097
376,bamyan,34.75,67.25,1.31,81,93,0.98,AF,1698362098
377,kununurra,-15.7667,128.7333,29.99,14,58,6.17,AU,1698362098
378,shipunovo,52.1582,82.2173,-1.24,65,55,6.24,RU,1698362098
379,sinan,34.8262,126.1086,16.06,55,0,10.79,KR,1698362098
380,klyuchi,52.2667,79.1667,-1.07,59,6,6.79,RU,1698362099
381,cadale,2.7603,46.3222,27.41,80,43,4.25,SO,1698362099
382,andergrove,-21.0833,149.1833,28.14,48,28,6.83,AU,1698362099
383,yangjiang,21.85,111.9667,22.46,86,15,1.81,CN,1698362100
384,sironj,24.1,77.7,19.86,40,0,1.17,IN,1698362100
385,turpan,42.9333,89.1667,14.3,38,33,0.43,CN,1698362100
386,singarayakonda,15.25,80.0333,24.22,66,15,3.06,IN,1698362101
387,puerto pilon,9.3644,-79.7933,26.01,90,100,2.23,PA,1698362102
388,grootfontein,-19.5667,18.1167,25.08,23,9,3.7,NA,1698362103
389,girov,46.95,26.5167,16.18,56,88,2.13,RO,1698362104
390,portland,45.5234,-122.6762,12.11,81,40,3.09,US,1698361892
391,amroha,28.9167,78.4667,18.72,50,0,2.03,IN,1698362105
392,baruun-urt,46.6806,113.2792,2.26,34,9,1.82,MN,1698362105
393,alindao,5.0267,21.2088,19.76,99,97,0.84,CF,1698362106
394,tynda,55.1667,124.7167,-14.55,96,99,0.5,RU,1698362107
395,bamboo flat,11.7,92.7167,25.05,100,40,0.0,IN,1698362110
396,kalispell,48.1958,-114.3129,-2.35,64,100,4.63,US,1698361841
397,rio bueno,-40.3167,-72.9667,13.08,71,100,1.32,CL,1698362114
398,eenhana,-17.4667,16.3333,24.65,46,85,5.54,NA,1698362117
399,oarai,36.3167,140.6,16.3,67,9,0.88,JP,1698362118
400,tromso,69.6496,18.957,2.01,93,100,4.63,NO,1698362118
401,pangody,65.85,74.4859,-11.76,93,91,4.72,RU,1698362119
402,victoria falls,-17.9235,25.843,24.9,41,3,2.25,ZW,1698362120
403,eyl,7.9803,49.8164,26.6,81,43,4.16,SO,1698362120
404,guanare,9.0418,-69.7421,25.21,86,65,1.72,VE,1698362121
405,pastos bons,-6.6017,-44.0767,30.89,32,78,1.46,BR,1698361882
406,umba,66.6871,34.3429,-1.23,79,96,3.64,RU,1698362122
407,isangel,-19.55,169.2667,28.06,83,40,1.03,VU,1698362122
408,coquimbo,-29.9533,-71.3436,13.82,78,19,2.3,CL,1698361998
409,bargaal,11.2864,51.0773,25.72,80,62,1.89,SO,1698362123
410,itaituba,-4.2761,-55.9836,28.67,62,82,0.45,BR,1698362064
411,atamyrat,37.8357,65.2106,19.39,42,71,2.55,TM,1698362124
412,ciudad guayana,8.3533,-62.6528,25.59,87,93,2.54,VE,1698362125
413,saint george,37.1041,-113.5841,23.47,34,0,6.69,US,1698362029
414,namibe,-15.1961,12.1522,20.15,76,89,1.81,AO,1698362126
415,nogliki,51.8333,143.1667,2.97,82,73,3.13,RU,1698362127
416,tarrafal,15.2833,-23.7667,27.44,81,100,8.16,CV,1698362127
417,kruisfontein,-34.0033,24.7314,15.79,88,94,8.1,ZA,1698362127
418,cuauhtemoc,28.4167,-106.8667,24.99,10,0,2.96,MX,1698361853
419,porbandar,21.6422,69.6093,26.42,60,3,2.29,IN,1698362128
420,maceio,-9.6658,-35.7353,24.69,94,0,4.12,BR,1698361967
421,lobujya,27.95,86.8167,-11.03,39,0,2.23,NP,1698362129
422,benghazi,32.1167,20.0667,23.45,72,1,5.51,LY,1698361943
423,mbandaka,0.0487,18.2603,20.71,97,100,1.69,CD,1698362130
424,broome,42.2506,-75.833,18.38,82,95,0.45,US,1698362130
425,valea calugareasca,44.9667,26.15,14.28,91,46,1.37,RO,1698362131
426,kupang,-10.1667,123.5833,28.32,78,20,2.57,ID,1698362131
427,kraichtal,49.1303,8.7437,11.71,89,100,1.93,DE,1698362132
428,el nido,11.1858,119.3956,28.05,78,82,2.17,PH,1698362132
429,nova sintra,14.8667,-24.7167,24.98,78,96,8.51,CV,1698362132
430,xinzhi,36.4989,111.7047,13.67,29,9,1.51,CN,1698362133
431,parkland,47.1554,-122.434,12.08,63,100,3.6,US,1698362133
432,metlili chaamba,32.2667,3.6333,22.52,27,0,0.0,DZ,1698362134
433,misratah,32.3754,15.0925,23.03,74,0,2.75,LY,1698362047
434,hammerfest,70.6634,23.6821,-1.75,74,75,1.54,NO,1698362134
435,banjar,-8.19,114.9675,26.13,73,54,1.67,ID,1698362135
436,enewetak,11.3474,162.3373,28.74,76,100,7.19,MH,1698362135
437,menaka,15.9182,2.4022,29.72,10,98,1.93,ML,1698362135
438,hohhot,40.8106,111.6522,7.73,36,0,0.88,CN,1698361848
439,praia da vitoria,38.7333,-27.0667,16.53,77,20,4.75,PT,1698362136
440,acajutla,13.5928,-89.8275,27.45,81,100,1.33,SV,1698361888
441,shwebo,22.5667,95.7,21.39,95,3,1.62,MM,1698362137
442,villa gesell,-37.2639,-56.973,16.69,64,9,8.37,AR,1698362137
443,kasungu,-13.0333,33.4833,25.48,44,63,4.13,MW,1698362138
444,pauini,-7.7136,-66.9764,29.62,54,69,1.34,BR,1698361885
445,gumdag,39.2061,54.5906,18.77,59,51,4.2,TM,1698362139
446,chukhloma,58.7525,42.6825,-3.84,79,75,1.79,RU,1698362139
447,tufanbeyli,38.2633,36.2206,12.26,62,100,1.59,TR,1698362139
448,kittila,67.6647,24.8936,-3.92,93,75,0.51,FI,1698362139
449,lethem,3.3803,-59.7968,30.03,54,93,2.67,GY,1698362140
450,luwingu,-10.2621,29.9271,23.94,46,96,1.81,ZM,1698362140
451,hinton,53.4001,-117.5857,-3.87,66,100,2.92,CA,1698362140
452,al qaryatayn,34.2296,37.2407,19.61,39,95,1.69,SY,1698362141
453,markaz-e hukumat-e darweshan,31.1323,64.1934,22.06,23,81,2.14,AF,1698362141
454,bikenibeu village,1.3673,173.1241,27.98,83,75,2.06,KI,1698362141
455,riyadh,24.6877,46.7219,22.08,55,1,4.0,SA,1698362104
456,naxos,37.1056,25.3764,22.95,75,77,1.79,GR,1698362125
457,prince george,53.9166,-122.753,3.47,37,0,4.12,CA,1698361983
458,quesnel,52.9999,-122.5029,4.28,33,0,6.69,CA,1698362142
459,taghazout,30.5426,-9.7112,20.43,79,13,2.59,MA,1698362142
460,okhotsk,59.3833,143.3,-3.44,93,100,5.46,RU,1698362142
461,coyhaique,-45.5752,-72.0662,9.97,66,75,2.06,CL,1698362143
462,kalach-na-donu,48.691,43.5264,3.21,96,100,3.69,RU,1698362143
463,castillos,-34.1667,-53.8333,10.39,75,0,2.05,UY,1698362143
464,cuyo,10.8525,121.0086,28.91,75,85,6.09,PH,1698362143
465,mil'kovo,55.6078,37.7956,-2.59,94,100,6.1,RU,1698362144
466,santana,-0.0583,-51.1817,30.1,62,0,5.14,BR,1698362144
467,klaksvik,62.2266,-6.589,9.51,85,75,11.26,FO,1698362144
468,ixtapa,20.7,-105.2,29.57,62,40,3.09,MX,1698362144
469,aver-o-mar,41.4078,-8.7812,16.25,80,44,6.33,PT,1698362144
470,panama city beach,30.1766,-85.8055,25.07,72,75,2.06,US,1698362145
471,zeya,53.75,127.2667,-5.29,68,35,1.57,RU,1698362145
472,mount isa,-20.7333,139.5,21.87,15,0,7.2,AU,1698362145
473,karuri,-0.7,37.1833,19.13,86,76,0.28,KE,1698362145
474,minas de marcona,-15.2119,-75.1103,15.4,82,97,4.6,PE,1698362146
475,nguigmi,14.2495,13.1092,28.27,22,3,4.02,NE,1698362146
476,cidreira,-30.1811,-50.2056,15.81,75,21,3.64,BR,1698362146
477,sorsk,54.0033,90.2467,1.8,80,73,9.35,RU,1698362146
478,likasi,-10.9814,26.7333,23.0,43,100,1.31,CD,1698362147
479,al kharijah,25.4514,30.5464,26.37,30,8,3.51,EG,1698362147
480,bykovo,55.6361,38.0803,-2.47,87,100,5.0,RU,1698362147
481,al bawiti,28.3492,28.8659,23.93,41,100,4.06,EG,1698362148
482,maun,-19.9833,23.4167,22.98,56,0,3.09,BW,1698362148
483,timimoun,29.2639,0.231,23.21,23,0,1.54,DZ,1698362148
484,khosta,43.5147,39.8689,18.02,72,100,8.05,RU,1698362148
485,linjiang,41.8069,126.9078,2.51,51,0,0.43,CN,1698362148
486,saurimo,-9.6608,20.3916,18.73,91,92,2.03,AO,1698362149
487,tosontsengel,48.7567,98.2839,0.04,39,9,0.36,MN,1698362149
488,guli,28.8833,120.0333,18.77,93,97,0.54,CN,1698362149
489,manosque,43.8288,5.7869,16.98,89,100,8.17,FR,1698362149
490,robertsport,6.7533,-11.3686,26.91,85,65,4.01,LR,1698362150
491,guiuan,11.0333,125.7247,27.06,83,29,3.93,PH,1698362150
492,callao,-12.0667,-77.15,21.51,73,40,4.12,PE,1698362150
493,dauphin,51.1494,-100.0502,-1.92,59,100,4.12,CA,1698362150
494,colona,41.4839,-90.3532,19.29,93,100,5.66,US,1698362151
495,sao vicente,-23.9631,-46.3919,23.1,59,100,1.34,BR,1698362151
496,sinabang,2.4803,96.3801,25.49,84,98,2.12,ID,1698362151
497,marand,38.4329,45.7749,13.51,52,98,0.31,IR,1698362151
498,preobrazheniye,42.9019,133.9064,6.97,46,16,2.8,RU,1698362152
499,fuglafjordur,62.244,-6.814,9.26,85,82,10.8,FO,1698362152
500,mayna,54.1135,47.6231,-0.45,71,98,4.31,RU,1698362152
501,kasongo,-4.45,26.6667,20.34,99,72,1.47,CD,1698362152
502,siverskiy,59.3544,30.0783,-0.8,81,100,3.74,RU,1698362152
503,antsiranana,-12.2787,49.2917,23.74,84,6,2.63,MG,1698362153
504,orchard homes,46.8633,-114.0484,-2.92,63,100,5.14,US,1698362153
505,north branch,45.5113,-92.9802,13.04,99,100,3.5,US,1698362153
506,usinsk,65.9939,57.5281,-13.29,97,79,3.58,RU,1698362153
507,bandirma,40.3522,27.9767,16.01,82,40,0.0,TR,1698362153
508,shatrovo,56.5167,64.6333,-7.81,88,13,4.64,RU,1698362154
509,sisimiut,66.9395,-53.6735,-1.85,81,100,5.45,GL,1698362154
510,hobyo,5.3505,48.5268,27.58,77,24,4.09,SO,1698362154
511,daru,-9.0763,143.2092,27.6,75,64,3.41,PG,1698362154
512,covington,39.0837,-84.5086,23.45,67,20,2.57,US,1698362107
513,ola,59.5833,151.2833,-3.15,63,65,2.88,RU,1698362155
514,wanxian,30.8039,108.3897,15.83,94,100,1.69,CN,1698362155
515,fort bragg,35.139,-79.006,23.23,72,0,0.0,US,1698362155
516,yarmouth,41.7057,-70.2286,18.26,81,0,1.79,US,1698362051
517,la leonesa,-27.0379,-58.7035,22.01,65,28,3.13,AR,1698362156
518,batken,39.8333,71.0,4.31,58,99,3.8,KG,1698362156
519,talcahuano,-36.7167,-73.1167,13.82,72,0,7.2,CL,1698362156
520,ebon,4.582,168.6964,28.55,75,95,3.74,MH,1698362156
521,sihanoukville,10.6093,103.5296,24.97,100,40,0.0,KH,1698362156
522,ocean shores,46.9737,-124.1563,11.88,82,100,2.06,US,1698361935
523,sabang,5.8933,95.3214,27.51,76,87,5.38,ID,1698362157
524,kita,13.0349,-9.4895,25.46,23,10,1.37,ML,1698362157
525,bayganin,48.6947,55.8742,0.7,44,100,5.4,KZ,1698362157
526,port douglas,-16.4833,145.4667,25.81,61,53,2.19,AU,1698361889
527,comal,29.8169,-98.3003,26.44,86,55,1.34,US,1698362158
528,san antonio de pale,-1.4014,5.6325,25.86,85,90,3.87,GQ,1698362158
529,garoowe,8.4054,48.4845,24.1,80,57,4.73,SO,1698362158
530,fale old settlement,-9.3852,-171.2468,28.46,78,78,6.45,TK,1698362159
531,gaalkacyo,6.7697,47.4308,25.34,79,47,4.78,SO,1698362159
532,al-hamdaniya,36.2715,43.3737,22.45,44,100,1.9,IQ,1698362159
533,kindia,10.0569,-12.8658,22.57,93,89,1.05,GN,1698362159
534,bikin,46.8161,134.26,2.94,63,60,0.88,RU,1698362159
535,newman,37.3138,-121.0208,20.19,44,1,3.58,US,1698362160
536,jamsankoski,61.919,25.1701,-5.73,88,15,2.34,FI,1698362160
537,shakiso,5.75,38.9167,14.04,98,55,1.43,ET,1698362160
538,barcelos,41.5388,-8.6151,16.03,90,42,2.91,PT,1698362161
539,tereze,43.9361,42.4434,12.1,69,100,3.86,RU,1698362161
540,swan hill,-35.3378,143.5544,14.36,41,0,3.93,AU,1698362161
541,san luis de la loma,17.2706,-100.8939,27.53,83,89,2.39,MX,1698362161
542,hasaki,35.7333,140.8333,16.27,54,64,3.18,JP,1698362162
543,nizhneangarsk,55.7833,109.55,1.67,92,96,2.24,RU,1698362162
544,challapata,-18.9,-66.7667,16.74,16,79,4.22,BO,1698361879
545,katoomba,-33.7198,150.3074,12.15,82,80,0.89,AU,1698362163
546,ribas do rio pardo,-20.4431,-53.7592,23.47,91,98,3.52,BR,1698362163
547,becerril,9.7041,-73.2793,25.86,85,54,0.9,CO,1698362163
548,winslow,35.0242,-110.6974,21.1,28,0,7.2,US,1698362163
549,kailua-kona,19.6406,-155.9956,29.77,71,20,4.63,US,1698361941
550,belyy yar,53.6039,91.3903,8.94,53,0,9.0,RU,1698362164
551,tralee,52.2704,-9.7026,8.19,95,73,2.35,IE,1698362164
552,carnarvon,-24.8667,113.6333,19.61,74,11,11.82,AU,1698361874
553,nadym,65.5333,72.5167,-9.45,91,98,3.62,RU,1698362165
554,kolonia,50.9333,6.95,11.57,91,40,2.57,DE,1698362165
555,chernyshevskiy,63.0128,112.4714,-9.09,100,97,0.65,RU,1698362165
556,bryne,58.7354,5.6477,5.55,80,100,0.0,NO,1698362166
557,tofol,5.3248,163.0078,27.88,83,100,3.6,FM,1698362166
558,la passe,45.5549,-0.8967,13.32,81,63,9.72,FR,1698362166
